,continent,country,population,cases,deaths,tests,day,time
0,North-America,Anguilla,15230.0,"{'new': None, 'active': 13, 'critical': 4, 'recovered': 3879, '1M_pop': '256336', 'total': 3904}","{'new': None, '1M_pop': '788', 'total': 12}","{'1M_pop': '3373736', 'total': 51382}",2023-05-30,2023-05-30T14:30:15+00:00
1,North-America,Saint-Pierre-Miquelon,5759.0,"{'new': None, 'active': 1001, 'critical': 1, 'recovered': 2449, '1M_pop': '599410', 'total': 3452}","{'new': None, '1M_pop': '347', 'total': 2}","{'1M_pop': '4410488', 'total': 25400}",2023-05-30,2023-05-30T14:30:15+00:00
2,Oceania,Tuvalu,12066.0,"{'new': None, 'active': 2805, 'critical': None, 'recovered': None, '1M_pop': '232471', 'total': 2805}","{'new': None, '1M_pop': None, 'total': None}","{'1M_pop': None, 'total': None}",2023-05-30,2023-05-30T14:30:15+00:00
3,Africa,Saint-Helena,6115.0,"{'new': None, 'active': 2164, 'critical': None, 'recovered': 2, '1M_pop': '354211', 'total': 2166}","{'new': None, '1M_pop': None, 'total': None}","{'1M_pop': None, 'total': None}",2023-05-30,2023-05-30T14:30:15+00:00
4,South-America,Falkland-Islands,3539.0,"{'new': None, 'active': 0, 'critical': None, 'recovered': 1930, '1M_pop': '545352', 'total': 1930}","{'new': None, '1M_pop': None, 'total': None}","{'1M_pop': '2439107', 'total': 8632}",2023-05-30,2023-05-30T14:30:15+00:00
5,North-America,Montserrat,4965.0,"{'new': None, 'active': 19, 'critical': None, 'recovered': 1376, '1M_pop': '282578', 'total': 1403}","{'new': None, '1M_pop': '1611', 'total': 8}","{'1M_pop': '3577442', 'total': 17762}",2023-05-30,2023-05-30T14:30:15+00:00
6,,Diamond-Princess,,"{'new': None, 'active': 0, 'critical': None, 'recovered': 699, '1M_pop': None, 'total': 712}","{'new': None, '1M_pop': None, 'total': 13}","{'1M_pop': None, 'total': None}",2023-05-30,2023-05-30T14:30:15+00:00
7,Europe,Vatican-City,799.0,"{'new': None, 'active': 0, 'critical': None, 'recovered': 29, '1M_pop': '36295', 'total': 29}","{'new': None, '1M_pop': None, 'total': None}","{'1M_pop': None, 'total': None}",2023-05-30,2023-05-30T14:30:15+00:00
8,Africa,Western-Sahara,626161.0,"{'new': None, 'active': 0, 'critical': None, 'recovered': 9, '1M_pop': '16', 'total': 10}","{'new': None, '1M_pop': '2', 'total': 1}","{'1M_pop': None, 'total': None}",2023-05-30,2023-05-30T14:30:15+00:00
9,,MS-Zaandam,,"{'new': None, 'active': 0, 'critical': None, 'recovered': 7, '1M_pop': None, 'total': 9}","{'new': None, '1M_pop': None, 'total': 2}","{'1M_pop': None, 'total': None}",2023-05-30,2023-05-30T14:30:15+00:00
10,Oceania,Tokelau,1378.0,"{'new': None, 'active': 5, 'critical': None, 'recovered': None, '1M_pop': '3628', 'total': 5}","{'new': None, '1M_pop': None, 'total': None}","{'1M_pop': None, 'total': None}",2023-05-30,2023-05-30T14:30:15+00:00
11,Asia,China,1448471400.0,"{'new': None, 'active': 118977, 'critical': None, 'recovered': 379053, '1M_pop': '347', 'total': 503302}","{'new': None, '1M_pop': '4', 'total': 5272}","{'1M_pop': '110461', 'total': 160000000}",2023-05-30,2023-05-30T14:30:15+00:00
12,Oceania,Nauru,10903.0,"{'new': None, 'active': 45, 'critical': None, 'recovered': 5347, '1M_pop': '494635', 'total': 5393}","{'new': None, '1M_pop': '92', 'total': 1}","{'1M_pop': '1881042', 'total': 20509}",2023-05-30,2023-05-30T14:30:15+00:00
13,Oceania,Palau,18233.0,"{'new': '+9', 'active': 2, 'critical': None, 'recovered': 5998, '1M_pop': '329567', 'total': 6009}","{'new': None, '1M_pop': '494', 'total': 9}","{'1M_pop': '3824330', 'total': 69729}",2023-05-30,2023-05-30T14:30:15+00:00
14,Asia,Macao,667490.0,"{'new': None, 'active': 12, 'critical': None, 'recovered': 3487, '1M_pop': '5423', 'total': 3620}","{'new': None, '1M_pop': '181', 'total': 121}","{'1M_pop': '11760', 'total': 7850}",2023-05-30,2023-05-30T14:30:15+00:00
15,North-America,St-Barth,9945.0,"{'new': '+8', 'active': None, 'critical': None, 'recovered': None, '1M_pop': '552438', 'total': 5494}","{'new': None, '1M_pop': '603', 'total': 6}","{'1M_pop': '7908095', 'total': 78646}",2023-05-30,2023-05-30T14:30:15+00:00
16,Oceania,Kiribati,123419.0,"{'new': '+2', 'active': 2300, 'critical': 3, 'recovered': 2703, '1M_pop': '40731', 'total': 5027}","{'new': None, '1M_pop': '194', 'total': 24}","{'1M_pop': None, 'total': None}",2023-05-30,2023-05-30T14:30:15+00:00
17,Oceania,Wallis-and-Futuna,10982.0,"{'new': None, 'active': 3063, 'critical': None, 'recovered': 438, '1M_pop': '319432', 'total': 3508}","{'new': None, '1M_pop': '637', 'total': 7}","{'1M_pop': '1867419', 'total': 20508}",2023-05-30,2023-05-30T14:30:15+00:00
18,Oceania,Niue,1622.0,"{'new': '+4', 'active': 11, 'critical': None, 'recovered': 804, '1M_pop': '502466', 'total': 815}","{'new': None, '1M_pop': None, 'total': None}","{'1M_pop': None, 'total': None}",2023-05-30,2023-05-30T14:30:15+00:00
19,North-America,Cayman-Islands,67277.0,"{'new': None, 'active': 22882, 'critical': 1, 'recovered': 8553, '1M_pop': '467797', 'total': 31472}","{'new': None, '1M_pop': '550', 'total': 37}","{'1M_pop': '3311280', 'total': 222773}",2023-05-30,2023-05-30T14:30:14+00:00
20,Africa,Congo,5797805.0,"{'new': None, 'active': 983, 'critical': None, 'recovered': 24006, '1M_pop': '4377', 'total': 25375}","{'new': None, '1M_pop': '67', 'total': 386}","{'1M_pop': '59991', 'total': 347815}",2023-05-30,2023-05-30T14:30:14+00:00
21,Oceania,Solomon-Islands,721159.0,"{'new': None, 'active': None, 'critical': 1, 'recovered': None, '1M_pop': '34077', 'total': 24575}","{'new': None, '1M_pop': '212', 'total': 153}","{'1M_pop': None, 'total': None}",2023-05-30,2023-05-30T14:30:14+00:00
22,North-America,Nicaragua,6779100.0,"{'new': None, 'active': 14041, 'critical': None, 'recovered': 4225, '1M_pop': '2728', 'total': 18491}","{'new': None, '1M_pop': '33', 'total': 225}","{'1M_pop': None, 'total': None}",2023-05-30,2023-05-30T14:30:14+00:00
23,Africa,South-Sudan,11618511.0,"{'new': None, 'active': 115, 'critical': 1, 'recovered': 18115, '1M_pop': '1581', 'total': 18368}","{'new': None, '1M_pop': '12', 'total': 138}","{'1M_pop': '35313', 'total': 410280}",2023-05-30,2023-05-30T14:30:14+00:00
24,Asia,Tajikistan,9957464.0,"{'new': None, 'active': 397, 'critical': None, 'recovered': 17264, '1M_pop': '1786', 'total': 17786}","{'new': None, '1M_pop': '13', 'total': 125}","{'1M_pop': None, 'total': None}",2023-05-30,2023-05-30T14:30:14+00:00
25,North-America,Dominica,72344.0,"{'new': None, 'active': 13, 'critical': None, 'recovered': 15673, '1M_pop': '217848', 'total': 15760}","{'new': None, '1M_pop': '1023', 'total': 74}","{'1M_pop': '3170187', 'total': 229344}",2023-05-30,2023-05-30T14:30:14+00:00
26,Africa,Djibouti,1016097.0,"{'new': None, 'active': 74, 'critical': None, 'recovered': 15427, '1M_pop': '15441', 'total': 15690}","{'new': None, '1M_pop': '186', 'total': 189}","{'1M_pop': '301094', 'total': 305941}",2023-05-30,2023-05-30T14:30:14+00:00
27,Africa,CAR,5016678.0,"{'new': None, 'active': 55, 'critical': 2, 'recovered': 15200, '1M_pop': '3063', 'total': 15368}","{'new': None, '1M_pop': '23', 'total': 113}","{'1M_pop': '16205', 'total': 81294}",2023-05-30,2023-05-30T14:30:14+00:00
28,North-America,Greenland,56973.0,"{'new': None, 'active': 9189, 'critical': 4, 'recovered': 2761, '1M_pop': '210117', 'total': 11971}","{'new': None, '1M_pop': '369', 'total': 21}","{'1M_pop': '2894810', 'total': 164926}",2023-05-30,2023-05-30T14:30:14+00:00
29,Asia,Yemen,31154867.0,"{'new': None, 'active': 662, 'critical': 23, 'recovered': 9124, '1M_pop': '383', 'total': 11945}","{'new': None, '1M_pop': '69', 'total': 2159}","{'1M_pop': '10579', 'total': 329592}",2023-05-30,2023-05-30T14:30:14+00:00
30,Africa,Eritrea,3662244.0,"{'new': None, 'active': 0, 'critical': None, 'recovered': 10086, '1M_pop': '2782', 'total': 10189}","{'new': None, '1M_pop': '28', 'total': 103}","{'1M_pop': '6470', 'total': 23693}",2023-05-30,2023-05-30T14:30:14+00:00
31,Africa,Niger,26083660.0,"{'new': None, 'active': 729, 'critical': 1, 'recovered': 8890, '1M_pop': '381', 'total': 9931}","{'new': None, '1M_pop': '12', 'total': 312}","{'1M_pop': '9759', 'total': 254538}",2023-05-30,2023-05-30T14:30:14+00:00
32,North-America,Antigua-and-Barbuda,99509.0,"{'new': None, 'active': 6, 'critical': 1, 'recovered': 8954, '1M_pop': '91509', 'total': 9106}","{'new': None, '1M_pop': '1467', 'total': 146}","{'1M_pop': '189943', 'total': 18901}",2023-05-30,2023-05-30T14:30:14+00:00
33,North-America,British-Virgin-Islands,30596.0,"{'new': None, 'active': None, 'critical': None, 'recovered': None, '1M_pop': '238757', 'total': 7305}","{'new': None, '1M_pop': '2092', 'total': 64}","{'1M_pop': '3508269', 'total': 107339}",2023-05-30,2023-05-30T14:30:14+00:00
34,Africa,Burkina-Faso,22102838.0,"{'new': None, 'active': 64, 'critical': None, 'recovered': 21596, '1M_pop': '998', 'total': 22056}","{'new': None, '1M_pop': '18', 'total': 396}","{'1M_pop': '11265', 'total': 248995}",2023-05-30,2023-05-30T14:30:14+00:00
35,Africa,Equatorial-Guinea,1496662.0,"{'new': '+7', 'active': 139, 'critical': 5, 'recovered': 16907, '1M_pop': '11512', 'total': 17229}","{'new': None, '1M_pop': '122', 'total': 183}","{'1M_pop': '244342', 'total': 365697}",2023-05-30,2023-05-30T14:30:14+00:00
36,Africa,Liberia,5305117.0,"{'new': None, 'active': 12, 'critical': 2, 'recovered': 7783, '1M_pop': '1525', 'total': 8090}","{'new': None, '1M_pop': '56', 'total': 295}","{'1M_pop': '26356', 'total': 139824}",2023-05-30,2023-05-30T14:30:14+00:00
37,North-America,Caribbean-Netherlands,26647.0,"{'new': '+3', 'active': 1168, 'critical': None, 'recovered': 10476, '1M_pop': '438398', 'total': 11682}","{'new': None, '1M_pop': '1426', 'total': 38}","{'1M_pop': '1130559', 'total': 30126}",2023-05-30,2023-05-30T14:30:14+00:00
38,Africa,Somalia,16841795.0,"{'new': '+10', 'active': 12791, 'critical': None, 'recovered': 13182, '1M_pop': '1623', 'total': 27334}","{'new': None, '1M_pop': '81', 'total': 1361}","{'1M_pop': '23778', 'total': 400466}",2023-05-30,2023-05-30T14:30:14+00:00
39,Africa,Sierra-Leone,8306436.0,"{'new': '+2', 'active': None, 'critical': None, 'recovered': None, '1M_pop': '934', 'total': 7762}","{'new': None, '1M_pop': '15', 'total': 126}","{'1M_pop': '31296', 'total': 259958}",2023-05-30,2023-05-30T14:30:14+00:00
40,Europe,Gibraltar,33704.0,"{'new': '+88', 'active': 3858, 'critical': None, 'recovered': 16579, '1M_pop': '609720', 'total': 20550}","{'new': '+2', '1M_pop': '3353', 'total': 113}","{'1M_pop': '15852213', 'total': 534283}",2023-05-30,2023-05-30T14:30:14+00:00
41,North-America,Bermuda,61939.0,"{'new': '+11', 'active': 10, 'critical': None, 'recovered': 18685, '1M_pop': '304493', 'total': 18860}","{'new': '+2', '1M_pop': '2664', 'total': 165}","{'1M_pop': '16622128', 'total': 1029558}",2023-05-30,2023-05-30T14:30:14+00:00
42,North-America,Sint-Maarten,43966.0,"{'new': '+7', 'active': 33, 'critical': None, 'recovered': 10905, '1M_pop': '250876', 'total': 11030}","{'new': '+1', '1M_pop': '2093', 'total': 92}","{'1M_pop': '1411454', 'total': 62056}",2023-05-30,2023-05-30T14:30:14+00:00
43,Oceania,Marshall-Islands,60057.0,"{'new': '+68', 'active': 110, 'critical': None, 'recovered': 15954, '1M_pop': '267762', 'total': 16081}","{'new': None, '1M_pop': '283', 'total': 17}","{'1M_pop': None, 'total': None}",2023-05-30,2023-05-30T14:30:14+00:00
44,Africa,Benin,12784726.0,"{'new': '+15', 'active': 4, 'critical': None, 'recovered': 27847, '1M_pop': '2191', 'total': 28014}","{'new': None, '1M_pop': '13', 'total': 163}","{'1M_pop': '47268', 'total': 604310}",2023-05-30,2023-05-30T14:30:14+00:00
45,Africa,Gambia,2558482.0,"{'new': '+28', 'active': 65, 'critical': None, 'recovered': 12189, '1M_pop': '4935', 'total': 12626}","{'new': None, '1M_pop': '145', 'total': 372}","{'1M_pop': '60851', 'total': 155686}",2023-05-30,2023-05-30T14:30:14+00:00
46,North-America,Saint-Lucia,185113.0,"{'new': None, 'active': 548, 'critical': None, 'recovered': 29095, '1M_pop': '162344', 'total': 30052}","{'new': None, '1M_pop': '2209', 'total': 409}","{'1M_pop': '1139752', 'total': 210983}",2023-05-30,2023-05-30T14:30:14+00:00
47,North-America,Grenada,113475.0,"{'new': '+10', 'active': 97, 'critical': 4, 'recovered': 19358, '1M_pop': '173545', 'total': 19693}","{'new': None, '1M_pop': '2097', 'total': 238}","{'1M_pop': '1612523', 'total': 182981}",2023-05-30,2023-05-30T14:30:14+00:00
48,North-America,Turks-and-Caicos,39741.0,"{'new': None, 'active': 21, 'critical': 4, 'recovered': 6529, '1M_pop': '165773', 'total': 6588}","{'new': None, '1M_pop': '956', 'total': 38}","{'1M_pop': '15408143', 'total': 612335}",2023-05-30,2023-05-30T14:30:14+00:00
49,Africa,Comoros,907419.0,"{'new': None, 'active': 9, 'critical': None, 'recovered': 8939, '1M_pop': '10038', 'total': 9109}","{'new': None, '1M_pop': '177', 'total': 161}","{'1M_pop': None, 'total': None}",2023-05-30,2023-05-30T14:30:14+00:00
50,Oceania,Vanuatu,321832.0,"{'new': None, 'active': 26, 'critical': None, 'recovered': 11976, '1M_pop': '37336', 'total': 12016}","{'new': None, '1M_pop': '44', 'total': 14}","{'1M_pop': '77606', 'total': 24976}",2023-05-30,2023-05-30T14:30:14+00:00
51,Africa,Guinea-Bissau,2063367.0,"{'new': None, 'active': 508, 'critical': 6, 'recovered': 8929, '1M_pop': '4659', 'total': 9614}","{'new': None, '1M_pop': '86', 'total': 177}","{'1M_pop': '70385', 'total': 145231}",2023-05-30,2023-05-30T14:30:14+00:00
52,Oceania,Samoa,202239.0,"{'new': None, 'active': 15127, 'critical': None, 'recovered': 1605, '1M_pop': '82887', 'total': 16763}","{'new': None, '1M_pop': '153', 'total': 31}","{'1M_pop': '926612', 'total': 187397}",2023-05-30,2023-05-30T14:30:14+00:00
53,Africa,Chad,17413580.0,"{'new': None, 'active': 2633, 'critical': None, 'recovered': 4874, '1M_pop': '442', 'total': 7701}","{'new': None, '1M_pop': '11', 'total': 194}","{'1M_pop': '10988', 'total': 191341}",2023-05-30,2023-05-30T14:30:14+00:00
54,North-America,St-Vincent-Grenadines,111551.0,"{'new': '+12', 'active': 14, 'critical': None, 'recovered': 9493, '1M_pop': '86337', 'total': 9631}","{'new': None, '1M_pop': '1112', 'total': 124}","{'1M_pop': '1023720', 'total': 114197}",2023-05-30,2023-05-30T14:30:14+00:00
55,Oceania,Tonga,107749.0,"{'new': '+1', 'active': 1166, 'critical': None, 'recovered': 15638, '1M_pop': '156076', 'total': 16817}","{'new': None, '1M_pop': '121', 'total': 13}","{'1M_pop': '4965327', 'total': 535009}",2023-05-30,2023-05-30T14:30:14+00:00
56,Oceania,Micronesia,117489.0,"{'new': None, 'active': None, 'critical': 1, 'recovered': None, '1M_pop': '225196', 'total': 26458}","{'new': None, '1M_pop': '553', 'total': 65}","{'1M_pop': '699453', 'total': 82178}",2023-05-30,2023-05-30T14:30:14+00:00
57,Africa,Sao-Tome-and-Principe,227679.0,"{'new': '+6', 'active': 6, 'critical': None, 'recovered': 6500, '1M_pop': '28927', 'total': 6586}","{'new': None, '1M_pop': '351', 'total': 80}","{'1M_pop': '127530', 'total': 29036}",2023-05-30,2023-05-30T14:30:14+00:00
58,Asia,Timor-Leste,1369429.0,"{'new': '+1', 'active': 204, 'critical': None, 'recovered': 23102, '1M_pop': '17120', 'total': 23444}","{'new': None, '1M_pop': '101', 'total': 138}","{'1M_pop': '203391', 'total': 278529}",2023-05-30,2023-05-30T14:30:14+00:00
59,North-America,Saint-Martin,39730.0,"{'new': '+3', 'active': 10841, 'critical': 7, 'recovered': 1399, '1M_pop': '309665', 'total': 12303}","{'new': None, '1M_pop': '1586', 'total': 63}","{'1M_pop': '2828643', 'total': 112382}",2023-05-30,2023-05-30T14:30:14+00:00
60,Oceania,Cook-Islands,17571.0,"{'new': '+14', 'active': 12, 'critical': None, 'recovered': 7106, '1M_pop': '405213', 'total': 7120}","{'new': None, '1M_pop': '114', 'total': 2}","{'1M_pop': '1120596', 'total': 19690}",2023-05-30,2023-05-30T14:30:14+00:00
61,Europe,Liechtenstein,38387.0,"{'new': '+1', 'active': 2, 'critical': None, 'recovered': 21350, '1M_pop': '558679', 'total': 21446}","{'new': None, '1M_pop': '2449', 'total': 94}","{'1M_pop': '2929559', 'total': 112457}",2023-05-30,2023-05-30T14:30:14+00:00
62,Europe,Monaco,39783.0,"{'new': '+5', 'active': 730, 'critical': 4, 'recovered': 15992, '1M_pop': '422014', 'total': 16789}","{'new': None, '1M_pop': '1684', 'total': 67}","{'1M_pop': '1976875', 'total': 78646}",2023-05-30,2023-05-30T14:30:14+00:00
63,North-America,Saint-Kitts-and-Nevis,53871.0,"{'new': '+2', 'active': 2, 'critical': None, 'recovered': 6552, '1M_pop': '122552', 'total': 6602}","{'new': None, '1M_pop': '891', 'total': 48}","{'1M_pop': '2356444', 'total': 126944}",2023-05-30,2023-05-30T14:30:14+00:00
64,Africa,Mali,21473764.0,"{'new': None, 'active': 74, 'critical': None, 'recovered': 32331, '1M_pop': '1544', 'total': 33148}","{'new': None, '1M_pop': '35', 'total': 743}","{'1M_pop': '37459', 'total': 804377}",2023-05-30,2023-05-30T14:30:14+00:00
65,Europe,San-Marino,34085.0,"{'new': '+22', 'active': 11, 'critical': 4, 'recovered': 24149, '1M_pop': '712483', 'total': 24285}","{'new': None, '1M_pop': '3667', 'total': 125}","{'1M_pop': '5775414', 'total': 196855}",2023-05-30,2023-05-30T14:30:14+00:00
66,Asia,Oman,5323993.0,"{'new': None, 'active': 10152, 'critical': 2, 'recovered': 384669, '1M_pop': '75028', 'total': 399449}","{'new': None, '1M_pop': '869', 'total': 4628}","{'1M_pop': '4695724', 'total': 25000000}",2023-05-30,2023-05-30T14:30:13+00:00
67,North-America,El-Salvador,6550389.0,"{'new': None, 'active': 18145, 'critical': 8, 'recovered': 179410, '1M_pop': '30805', 'total': 201785}","{'new': None, '1M_pop': '646', 'total': 4230}","{'1M_pop': '398467', 'total': 2610114}",2023-05-30,2023-05-30T14:30:13+00:00
68,North-America,Cura&ccedil;ao,165529.0,"{'new': None, 'active': 971, 'critical': 3, 'recovered': 44720, '1M_pop': '277812', 'total': 45986}","{'new': None, '1M_pop': '1782', 'total': 295}","{'1M_pop': '3000640', 'total': 496693}",2023-05-30,2023-05-30T14:30:13+00:00
69,Europe,Isle-of-Man,85732.0,"{'new': None, 'active': None, 'critical': None, 'recovered': None, '1M_pop': '443335', 'total': 38008}","{'new': None, '1M_pop': '1353', 'total': 116}","{'1M_pop': '1758422', 'total': 150753}",2023-05-30,2023-05-30T14:30:13+00:00
70,Africa,Lesotho,2175699.0,"{'new': None, 'active': 8087, 'critical': None, 'recovered': 25980, '1M_pop': '15990', 'total': 34790}","{'new': None, '1M_pop': '332', 'total': 723}","{'1M_pop': '198199', 'total': 431221}",2023-05-30,2023-05-30T14:30:13+00:00
71,Europe,Faeroe-Islands,49233.0,"{'new': None, 'active': None, 'critical': 5, 'recovered': None, '1M_pop': '703959', 'total': 34658}","{'new': None, '1M_pop': '569', 'total': 28}","{'1M_pop': '15802409', 'total': 778000}",2023-05-30,2023-05-30T14:30:13+00:00
72,South-America,French-Guiana,314169.0,"{'new': '+13', 'active': 86367, 'critical': 6, 'recovered': 11254, '1M_pop': '312065', 'total': 98041}","{'new': None, '1M_pop': '1337', 'total': 420}","{'1M_pop': '2072951', 'total': 651257}",2023-05-30,2023-05-30T14:30:13+00:00
73,Africa,Rwanda,13600464.0,"{'new': '+14', 'active': 79, 'critical': None, 'recovered': 131647, '1M_pop': '9793', 'total': 133194}","{'new': None, '1M_pop': '108', 'total': 1468}","{'1M_pop': '442778', 'total': 6021981}",2023-05-30,2023-05-30T14:30:13+00:00
74,North-America,Belize,412190.0,"{'new': '+25', 'active': 9, 'critical': 6, 'recovered': 70085, '1M_pop': '171722', 'total': 70782}","{'new': None, '1M_pop': '1669', 'total': 688}","{'1M_pop': '1397453', 'total': 576016}",2023-05-30,2023-05-30T14:30:13+00:00
75,Africa,Seychelles,99426.0,"{'new': None, 'active': 15, 'critical': None, 'recovered': 50750, '1M_pop': '512311', 'total': 50937}","{'new': None, '1M_pop': '1730', 'total': 172}","{'1M_pop': None, 'total': None}",2023-05-30,2023-05-30T14:30:13+00:00
76,Europe,Iceland,345393.0,"{'new': '+23', 'active': None, 'critical': 2, 'recovered': None, '1M_pop': '605661', 'total': 209191}","{'new': None, '1M_pop': '663', 'total': 229}","{'1M_pop': '5780036', 'total': 1996384}",2023-05-30,2023-05-30T14:30:13+00:00
77,Europe,Channel-Islands,176463.0,"{'new': '+91', 'active': 168, 'critical': None, 'recovered': 101321, '1M_pop': '576421', 'total': 101717}","{'new': None, '1M_pop': '1292', 'total': 228}","{'1M_pop': '7099551', 'total': 1252808}",2023-05-30,2023-05-30T14:30:13+00:00
78,Africa,Nigeria,216746934.0,"{'new': '+10', 'active': 3567, 'critical': 11, 'recovered': 259953, '1M_pop': '1230', 'total': 266675}","{'new': None, '1M_pop': '15', 'total': 3155}","{'1M_pop': '26339', 'total': 5708974}",2023-05-30,2023-05-30T14:30:13+00:00
79,Africa,Mauritania,4901981.0,"{'new': '+47', 'active': 247, 'critical': None, 'recovered': 62471, '1M_pop': '12998', 'total': 63715}","{'new': None, '1M_pop': '203', 'total': 997}","{'1M_pop': '206030', 'total': 1009957}",2023-05-30,2023-05-30T14:30:13+00:00
80,Europe,Albania,2866374.0,"{'new': '+12', 'active': 1696, 'critical': None, 'recovered': 329428, '1M_pop': '116777', 'total': 334726}","{'new': None, '1M_pop': '1257', 'total': 3602}","{'1M_pop': '677173', 'total': 1941032}",2023-05-30,2023-05-30T14:30:13+00:00
81,Africa,Mayotte,286259.0,"{'new': '+19', 'active': None, 'critical': None, 'recovered': None, '1M_pop': '146815', 'total': 42027}","{'new': None, '1M_pop': '657', 'total': 188}","{'1M_pop': '618038', 'total': 176919}",2023-05-30,2023-05-30T14:30:13+00:00
82,Oceania,New-Caledonia,290915.0,"{'new': '+1', 'active': 3, 'critical': 9, 'recovered': 79605, '1M_pop': '274726', 'total': 79922}","{'new': None, '1M_pop': '1079', 'total': 314}","{'1M_pop': '340182', 'total': 98964}",2023-05-30,2023-05-30T14:30:13+00:00
83,Africa,Angola,35027343.0,"{'new': '+31', 'active': 31, 'critical': None, 'recovered': 103419, '1M_pop': '3009', 'total': 105384}","{'new': None, '1M_pop': '55', 'total': 1934}","{'1M_pop': '42818', 'total': 1499795}",2023-05-30,2023-05-30T14:30:13+00:00
84,Africa,Ghana,32395450.0,"{'new': '+4', 'active': 34, 'critical': 2, 'recovered': 170161, '1M_pop': '5299', 'total': 171657}","{'new': None, '1M_pop': '45', 'total': 1462}","{'1M_pop': '78298', 'total': 2536496}",2023-05-30,2023-05-30T14:30:13+00:00
85,North-America,Bahamas,400516.0,"{'new': None, 'active': 874, 'critical': 1, 'recovered': 36366, '1M_pop': '95087', 'total': 38084}","{'new': None, '1M_pop': '2107', 'total': 844}","{'1M_pop': '643767', 'total': 257839}",2023-05-30,2023-05-30T14:30:13+00:00
86,Oceania,Fiji,909466.0,"{'new': '+3', 'active': 1009, 'critical': None, 'recovered': 67029, '1M_pop': '75782', 'total': 68921}","{'new': None, '1M_pop': '971', 'total': 883}","{'1M_pop': '737689', 'total': 670903}",2023-05-30,2023-05-30T14:30:13+00:00
87,North-America,Trinidad-and-Tobago,1406585.0,"{'new': '+146', 'active': 28, 'critical': 8, 'recovered': 187078, '1M_pop': '136143', 'total': 191496}","{'new': '+3', '1M_pop': '3121', 'total': 4390}","{'1M_pop': '649295', 'total': 913289}",2023-05-30,2023-05-30T14:30:13+00:00
88,Africa,Mozambique,33089461.0,"{'new': '+83', 'active': 2369, 'critical': 11, 'recovered': 228805, '1M_pop': '7054', 'total': 233417}","{'new': '+1', '1M_pop': '68', 'total': 2243}","{'1M_pop': '41437', 'total': 1371127}",2023-05-30,2023-05-30T14:30:13+00:00
89,Africa,Senegal,17653671.0,"{'new': '+2', 'active': 2, 'critical': None, 'recovered': 87024, '1M_pop': '5041', 'total': 88997}","{'new': None, '1M_pop': '112', 'total': 1971}","{'1M_pop': '64946', 'total': 1146543}",2023-05-30,2023-05-30T14:30:13+00:00
90,Africa,Malawi,20180839.0,"{'new': '+6', 'active': 391, 'critical': 67, 'recovered': 85651, '1M_pop': '4397', 'total': 88728}","{'new': None, '1M_pop': '133', 'total': 2686}","{'1M_pop': '30959', 'total': 624784}",2023-05-30,2023-05-30T14:30:13+00:00
91,Europe,Luxembourg,642371.0,"{'new': None, 'active': 2037, 'critical': None, 'recovered': 316690, '1M_pop': '498091', 'total': 319959}","{'new': None, '1M_pop': '1918', 'total': 1232}","{'1M_pop': '7140959', 'total': 4587145}",2023-05-30,2023-05-30T14:30:13+00:00
92,Africa,Eswatini,1184817.0,"{'new': None, 'active': 129, 'critical': None, 'recovered': 73116, '1M_pop': '63022', 'total': 74670}","{'new': None, '1M_pop': '1203', 'total': 1425}","{'1M_pop': '885119', 'total': 1048704}",2023-05-30,2023-05-30T14:30:13+00:00
93,Europe,Andorra,77463.0,"{'new': None, 'active': 287, 'critical': 14, 'recovered': 47563, '1M_pop': '619844', 'total': 48015}","{'new': None, '1M_pop': '2130', 'total': 165}","{'1M_pop': '3225256', 'total': 249838}",2023-05-30,2023-05-30T14:30:13+00:00
94,North-America,Aruba,107609.0,"{'new': '+66', 'active': 1506, 'critical': 2, 'recovered': 42438, '1M_pop': '410560', 'total': 44180}","{'new': None, '1M_pop': '2193', 'total': 236}","{'1M_pop': '1653068', 'total': 177885}",2023-05-30,2023-05-30T14:30:13+00:00
95,Africa,Tanzania,63298550.0,"{'new': None, 'active': None, 'critical': 7, 'recovered': None, '1M_pop': '681', 'total': 43078}","{'new': None, '1M_pop': '13', 'total': 846}","{'1M_pop': None, 'total': None}",2023-05-30,2023-05-30T14:30:13+00:00
96,Africa,Zambia,19470234.0,"{'new': None, 'active': 79, 'critical': None, 'recovered': 339858, '1M_pop': '17668', 'total': 343995}","{'new': None, '1M_pop': '208', 'total': 4058}","{'1M_pop': '207903', 'total': 4047915}",2023-05-30,2023-05-30T14:30:13+00:00
97,South-America,Suriname,596831.0,"{'new': None, 'active': None, 'critical': None, 'recovered': None, '1M_pop': '138252', 'total': 82513}","{'new': None, '1M_pop': '2354', 'total': 1405}","{'1M_pop': '405210', 'total': 241842}",2023-05-30,2023-05-30T14:30:13+00:00
98,Africa,Zimbabwe,15331428.0,"{'new': '+72', 'active': 270, 'critical': 12, 'recovered': 258888, '1M_pop': '17275', 'total': 264848}","{'new': '+1', '1M_pop': '371', 'total': 5690}","{'1M_pop': '164744', 'total': 2525756}",2023-05-30,2023-05-30T14:30:13+00:00
99,Europe,North-Macedonia,2081304.0,"{'new': '+66', 'active': 1536, 'critical': None, 'recovered': 337068, '1M_pop': '167338', 'total': 348281}","{'new': '+1', '1M_pop': '4649', 'total': 9677}","{'1M_pop': '1069626', 'total': 2226216}",2023-05-30,2023-05-30T14:30:13+00:00
100,Africa,Kenya,56215221.0,"{'new': '+1', 'active': 77, 'critical': 1, 'recovered': 337309, '1M_pop': '6103', 'total': 343074}","{'new': None, '1M_pop': '101', 'total': 5688}","{'1M_pop': '70569', 'total': 3967062}",2023-05-30,2023-05-30T14:30:13+00:00
101,Africa,Botswana,2441162.0,"{'new': '+6', 'active': 12, 'critical': 1, 'recovered': 327049, '1M_pop': '135125', 'total': 329862}","{'new': None, '1M_pop': '1147', 'total': 2801}","{'1M_pop': '830300', 'total': 2026898}",2023-05-30,2023-05-30T14:30:13+00:00
102,Africa,Namibia,2633874.0,"{'new': '+88', 'active': 120, 'critical': None, 'recovered': 167099, '1M_pop': '65041', 'total': 171310}","{'new': '+1', '1M_pop': '1553', 'total': 4091}","{'1M_pop': '403460', 'total': 1062663}",2023-05-30,2023-05-30T14:30:13+00:00
103,Africa,Uganda,48432863.0,"{'new': '+104', 'active': 66712, 'critical': 3, 'recovered': 100431, '1M_pop': '3526', 'total': 170775}","{'new': None, '1M_pop': '75', 'total': 3632}","{'1M_pop': '62198', 'total': 3012408}",2023-05-30,2023-05-30T14:30:13+00:00
104,Africa,Cameroon,27911548.0,"{'new': '+53', 'active': 257, 'critical': 13, 'recovered': 122807, '1M_pop': '4480', 'total': 125036}","{'new': '+1', '1M_pop': '71', 'total': 1972}","{'1M_pop': '62762', 'total': 1751774}",2023-05-30,2023-05-30T14:30:13+00:00
105,Africa,DRC,95240792.0,"{'new': '+249', 'active': 10696, 'critical': None, 'recovered': 84489, '1M_pop': '1015', 'total': 96652}","{'new': '+2', '1M_pop': '15', 'total': 1467}","{'1M_pop': '8890', 'total': 846704}",2023-05-30,2023-05-30T14:30:13+00:00
106,Africa,Gabon,2331533.0,"{'new': '+11', 'active': 11, 'critical': None, 'recovered': 48674, '1M_pop': '21013', 'total': 48992}","{'new': '+1', '1M_pop': '132', 'total': 307}","{'1M_pop': '695641', 'total': 1621909}",2023-05-30,2023-05-30T14:30:13+00:00
107,Oceania,Papua-New-Guinea,9292169.0,"{'new': '+15', 'active': 2212, 'critical': 7, 'recovered': 43982, '1M_pop': '5043', 'total': 46864}","{'new': None, '1M_pop': '72', 'total': 670}","{'1M_pop': '26813', 'total': 249149}",2023-05-30,2023-05-30T14:30:13+00:00
108,Africa,Guinea,13865691.0,"{'new': '+101', 'active': 338, 'critical': 8, 'recovered': 37757, '1M_pop': '2781', 'total': 38563}","{'new': '+1', '1M_pop': '34', 'total': 468}","{'1M_pop': '47607', 'total': 660107}",2023-05-30,2023-05-30T14:30:13+00:00
109,North-America,Barbados,288023.0,"{'new': None, 'active': 230, 'critical': None, 'recovered': 106971, '1M_pop': '374255', 'total': 107794}","{'new': None, '1M_pop': '2059', 'total': 593}","{'1M_pop': '2782594', 'total': 801451}",2023-05-30,2023-05-30T14:30:13+00:00
110,South-America,Guyana,794045.0,"{'new': '+9', 'active': 29, 'critical': None, 'recovered': 71880, '1M_pop': '92195', 'total': 73207}","{'new': None, '1M_pop': '1635', 'total': 1298}","{'1M_pop': '918950', 'total': 729688}",2023-05-30,2023-05-30T14:30:13+00:00
111,Europe,Montenegro,627950.0,"{'new': '+15', 'active': 480, 'critical': 6, 'recovered': 288546, '1M_pop': '464771', 'total': 291853}","{'new': None, '1M_pop': '4502', 'total': 2827}","{'1M_pop': '4386900', 'total': 2754754}",2023-05-30,2023-05-30T14:30:13+00:00
112,Asia,Uzbekistan,34382084.0,"{'new': '+136', 'active': 10539, 'critical': 23, 'recovered': 241486, '1M_pop': '7378', 'total': 253662}","{'new': None, '1M_pop': '48', 'total': 1637}","{'1M_pop': '40077', 'total': 1377915}",2023-05-30,2023-05-30T14:30:13+00:00
113,North-America,Martinique,374087.0,"{'new': '+75', 'active': None, 'critical': 12, 'recovered': None, '1M_pop': '614763', 'total': 229975}","{'new': '+2', '1M_pop': '2946', 'total': 1102}","{'1M_pop': '2215870', 'total': 828928}",2023-05-30,2023-05-30T14:30:13+00:00
114,Asia,Kyrgyzstan,6728271.0,"{'new': '+2', 'active': 7493, 'critical': 131, 'recovered': 196406, '1M_pop': '30749', 'total': 206890}","{'new': None, '1M_pop': '445', 'total': 2991}","{'1M_pop': '283460', 'total': 1907195}",2023-05-30,2023-05-30T14:30:13+00:00
115,North-America,Guadeloupe,399794.0,"{'new': '+183', 'active': None, 'critical': 19, 'recovered': None, '1M_pop': '507351', 'total': 202836}","{'new': None, '1M_pop': '2544', 'total': 1017}","{'1M_pop': '2346306', 'total': 938039}",2023-05-30,2023-05-30T14:30:13+00:00
116,Asia,Bhutan,787941.0,"{'new': '+2', 'active': 1085, 'critical': None, 'recovered': 61564, '1M_pop': '79536', 'total': 62670}","{'new': None, '1M_pop': '27', 'total': 21}","{'1M_pop': '2923739', 'total': 2303734}",2023-05-30,2023-05-30T14:30:13+00:00
117,Asia,Brunei,445431.0,"{'new': None, 'active': 59893, 'critical': 3, 'recovered': 243601, '1M_pop': '681854', 'total': 303719}","{'new': None, '1M_pop': '505', 'total': 225}","{'1M_pop': '1611437', 'total': 717784}",2023-05-30,2023-05-30T14:30:13+00:00
118,Africa,Burundi,12624840.0,"{'new': None, 'active': 144, 'critical': None, 'recovered': 53569, '1M_pop': '4258', 'total': 53751}","{'new': None, '1M_pop': '3', 'total': 38}","{'1M_pop': '27386', 'total': 345742}",2023-05-30,2023-05-30T14:30:13+00:00
119,North-America,Jamaica,2985094.0,"{'new': '+55', 'active': 48480, 'critical': None, 'recovered': 102964, '1M_pop': '51922', 'total': 154993}","{'new': '+4', '1M_pop': '1189', 'total': 3549}","{'1M_pop': '396633', 'total': 1183986}",2023-05-30,2023-05-30T14:30:13+00:00
120,Oceania,French-Polynesia,284164.0,"{'new': '+24', 'active': None, 'critical': 7, 'recovered': None, '1M_pop': '276492', 'total': 78569}","{'new': None, '1M_pop': '2284', 'total': 649}","{'1M_pop': None, 'total': None}",2023-05-30,2023-05-30T14:30:13+00:00
121,North-America,Haiti,11680283.0,"{'new': '+9', 'active': 25, 'critical': None, 'recovered': 33361, '1M_pop': '2932', 'total': 34246}","{'new': None, '1M_pop': '74', 'total': 860}","{'1M_pop': '11337', 'total': 132422}",2023-05-30,2023-05-30T14:30:13+00:00
122,Asia,Syria,19364809.0,"{'new': '+13', 'active': 74, 'critical': None, 'recovered': 54370, '1M_pop': '2975', 'total': 57608}","{'new': None, '1M_pop': '163', 'total': 3164}","{'1M_pop': '7553', 'total': 146269}",2023-05-30,2023-05-30T14:30:13+00:00
123,Africa,Mauritius,1274727.0,"{'new': '+76', 'active': 729, 'critical': None, 'recovered': 40740, '1M_pop': '33355', 'total': 42518}","{'new': None, '1M_pop': '823', 'total': 1049}","{'1M_pop': '281374', 'total': 358675}",2023-05-30,2023-05-30T14:30:13+00:00
124,Africa,Sudan,45992020.0,"{'new': None, 'active': 264, 'critical': None, 'recovered': 58683, '1M_pop': '1391', 'total': 63993}","{'new': None, '1M_pop': '110', 'total': 5046}","{'1M_pop': '12240', 'total': 562941}",2023-05-30,2023-05-30T14:30:13+00:00
125,Africa,Madagascar,29178077.0,"{'new': '+7', 'active': 9, 'critical': None, 'recovered': 66854, '1M_pop': '2340', 'total': 68288}","{'new': '+1', '1M_pop': '49', 'total': 1425}","{'1M_pop': '18206', 'total': 531218}",2023-05-30,2023-05-30T14:30:13+00:00
126,Asia,Laos,7481023.0,"{'new': '+1', 'active': None, 'critical': None, 'recovered': None, '1M_pop': '29171', 'total': 218226}","{'new': None, '1M_pop': '101', 'total': 758}","{'1M_pop': '164845', 'total': 1233207}",2023-05-30,2023-05-30T14:30:13+00:00
127,Africa,Algeria,45350148.0,"{'new': None, 'active': 81907, 'critical': None, 'recovered': 183047, '1M_pop': '5994', 'total': 271835}","{'new': None, '1M_pop': '152', 'total': 6881}","{'1M_pop': '5093', 'total': 230960}",2023-05-30,2023-05-30T14:30:13+00:00
128,Africa,Ivory-Coast,27742298.0,"{'new': '+1', 'active': -1, 'critical': None, 'recovered': 87497, '1M_pop': '3184', 'total': 88331}","{'new': '+1', '1M_pop': '30', 'total': 835}","{'1M_pop': '60951', 'total': 1690934}",2023-05-30,2023-05-30T14:30:13+00:00
129,Asia,Maldives,540985.0,"{'new': '+26', 'active': 22649, 'critical': 25, 'recovered': 163687, '1M_pop': '345021', 'total': 186651}","{'new': None, '1M_pop': '582', 'total': 315}","{'1M_pop': '4092223', 'total': 2213831}",2023-05-30,2023-05-30T14:30:13+00:00
130,Africa,Cabo-Verde,567678.0,"{'new': '+10', 'active': 119, 'critical': 23, 'recovered': 63388, '1M_pop': '112601', 'total': 63921}","{'new': None, '1M_pop': '729', 'total': 414}","{'1M_pop': '707482', 'total': 401622}",2023-05-30,2023-05-30T14:30:13+00:00
131,Africa,Togo,8680837.0,"{'new': '+2', 'active': 3, 'critical': None, 'recovered': 39206, '1M_pop': '4550', 'total': 39499}","{'new': None, '1M_pop': '33', 'total': 290}","{'1M_pop': '93507', 'total': 811719}",2023-05-30,2023-05-30T14:30:13+00:00
132,Asia,Cambodia,17168639.0,"{'new': '+1', 'active': 28, 'critical': None, 'recovered': 135688, '1M_pop': '8083', 'total': 138772}","{'new': None, '1M_pop': '178', 'total': 3056}","{'1M_pop': '180062', 'total': 3091420}",2023-05-30,2023-05-30T14:30:13+00:00
133,Europe,Malta,444033.0,"{'new': '+79', 'active': 554, 'critical': 4, 'recovered': 117365, '1M_pop': '267449', 'total': 118756}","{'new': '+1', '1M_pop': '1885', 'total': 837}","{'1M_pop': '4818034', 'total': 2139366}",2023-05-30,2023-05-30T14:30:13+00:00
134,Asia,Afghanistan,40754388.0,"{'new': '+144', 'active': 16254, 'critical': 45, 'recovered': 197406, '1M_pop': '5437', 'total': 221574}","{'new': None, '1M_pop': '194', 'total': 7914}","{'1M_pop': '30944', 'total': 1261111}",2023-05-30,2023-05-30T14:30:13+00:00
135,Asia,DPRK,25990679.0,"{'new': None, 'active': 0, 'critical': None, 'recovered': 4772739, '1M_pop': '183636', 'total': 4772813}","{'new': None, '1M_pop': '3', 'total': 74}","{'1M_pop': None, 'total': None}",2023-05-30,2023-05-30T14:30:12+00:00
136,Asia,Iraq,42164965.0,"{'new': None, 'active': 673, 'critical': 21, 'recovered': 2439497, '1M_pop': '58474', 'total': 2465545}","{'new': None, '1M_pop': '602', 'total': 25375}","{'1M_pop': '463523', 'total': 19544451}",2023-05-30,2023-05-30T14:30:12+00:00
137,Asia,Jordan,10300869.0,"{'new': None, 'active': 1868, 'critical': 59, 'recovered': 1731007, '1M_pop': '169597', 'total': 1746997}","{'new': None, '1M_pop': '1371', 'total': 14122}","{'1M_pop': '1669945', 'total': 17201885}",2023-05-30,2023-05-30T14:30:12+00:00
138,Europe,Belarus,9432800.0,"{'new': None, 'active': 1327, 'critical': None, 'recovered': 985592, '1M_pop': '105381', 'total': 994037}","{'new': None, '1M_pop': '755', 'total': 7118}","{'1M_pop': '1446722', 'total': 13646641}",2023-05-30,2023-05-30T14:30:12+00:00
139,Asia,Palestine,5345541.0,"{'new': None, 'active': 159, 'critical': 17, 'recovered': 615445, '1M_pop': '116173', 'total': 621008}","{'new': None, '1M_pop': '1011', 'total': 5404}","{'1M_pop': '575907', 'total': 3078533}",2023-05-30,2023-05-30T14:30:12+00:00
140,Africa,R&eacute;union,908061.0,"{'new': '+693', 'active': 67095, 'critical': 10, 'recovered': 418572, '1M_pop': '535854', 'total': 486588}","{'new': '+2', '1M_pop': '1014', 'total': 921}","{'1M_pop': '1766027', 'total': 1603660}",2023-05-30,2023-05-30T14:30:12+00:00
141,Africa,South-Africa,60756135.0,"{'new': '+614', 'active': 61362, 'critical': 192, 'recovered': 3912506, '1M_pop': '67095', 'total': 4076463}","{'new': None, '1M_pop': '1689', 'total': 102595}","{'1M_pop': '441027', 'total': 26795090}",2023-05-30,2023-05-30T14:30:12+00:00
142,South-America,Venezuela,29266991.0,"{'new': '+10', 'active': 302, 'critical': 31, 'recovered': 546537, '1M_pop': '18885', 'total': 552695}","{'new': None, '1M_pop': '200', 'total': 5856}","{'1M_pop': '114771', 'total': 3359014}",2023-05-30,2023-05-30T14:30:12+00:00
143,Asia,Kazakhstan,19205043.0,"{'new': '+63', 'active': 14963, 'critical': 24, 'recovered': 1383020, '1M_pop': '73514', 'total': 1411831}","{'new': None, '1M_pop': '721', 'total': 13848}","{'1M_pop': '602707', 'total': 11575012}",2023-05-30,2023-05-30T14:30:12+00:00
144,Asia,Saudi-Arabia,35844909.0,"{'new': '+121', 'active': 3900, 'critical': 66, 'recovered': 827923, '1M_pop': '23475', 'total': 841469}","{'new': None, '1M_pop': '269', 'total': 9646}","{'1M_pop': '1268848', 'total': 45481735}",2023-05-30,2023-05-30T14:30:12+00:00
145,Asia,Singapore,5943546.0,"{'new': None, 'active': 239938, 'critical': 2, 'recovered': 2149583, '1M_pop': '402327', 'total': 2391248}","{'new': None, '1M_pop': '291', 'total': 1727}","{'1M_pop': '4165302', 'total': 24756666}",2023-05-30,2023-05-30T14:30:12+00:00
146,Africa,Egypt,106156692.0,"{'new': None, 'active': 49228, 'critical': 122, 'recovered': 442182, '1M_pop': '4861', 'total': 516023}","{'new': None, '1M_pop': '232', 'total': 24613}","{'1M_pop': '34792', 'total': 3693367}",2023-05-30,2023-05-30T14:30:12+00:00
147,Asia,Lebanon,6684849.0,"{'new': '+429', 'active': 139055, 'critical': 74, 'recovered': 1087587, '1M_pop': '185128', 'total': 1237556}","{'new': '+8', '1M_pop': '1633', 'total': 10914}","{'1M_pop': '717380', 'total': 4795578}",2023-05-30,2023-05-30T14:30:12+00:00
148,North-America,Panama,4446964.0,"{'new': '+664', 'active': 585, 'critical': 16, 'recovered': 1029434, '1M_pop': '233562', 'total': 1038642}","{'new': '+1', '1M_pop': '1939', 'total': 8623}","{'1M_pop': '1727175', 'total': 7680683}",2023-05-30,2023-05-30T14:30:12+00:00
149,South-America,Ecuador,18113361.0,"{'new': '+666', 'active': 666, 'critical': 759, 'recovered': 1025081, '1M_pop': '58618', 'total': 1061766}","{'new': None, '1M_pop': '1989', 'total': 36019}","{'1M_pop': '170173', 'total': 3082403}",2023-05-30,2023-05-30T14:30:12+00:00
150,North-America,Costa-Rica,5182354.0,"{'new': None, 'active': 360475, 'critical': 52, 'recovered': 860711, '1M_pop': '237450', 'total': 1230552}","{'new': None, '1M_pop': '1807', 'total': 9366}","{'1M_pop': '899158', 'total': 4659757}",2023-05-30,2023-05-30T14:30:12+00:00
151,Asia,Georgia,3968738.0,"{'new': None, 'active': 48428, 'critical': None, 'recovered': 1776548, '1M_pop': '464139', 'total': 1842046}","{'new': None, '1M_pop': '4301', 'total': 17070}","{'1M_pop': '4263340', 'total': 16920079}",2023-05-30,2023-05-30T14:30:12+00:00
152,Africa,Morocco,37772756.0,"{'new': None, 'active': 1732, 'critical': 3, 'recovered': 1256151, '1M_pop': '33733', 'total': 1274180}","{'new': None, '1M_pop': '431', 'total': 16297}","{'1M_pop': '344191', 'total': 13001033}",2023-05-30,2023-05-30T14:30:12+00:00
153,North-America,Honduras,10221247.0,"{'new': '+25', 'active': None, 'critical': 105, 'recovered': None, '1M_pop': '46239', 'total': 472619}","{'new': '+2', '1M_pop': '1088', 'total': 11116}","{'1M_pop': '162472', 'total': 1660662}",2023-05-30,2023-05-30T14:30:12+00:00
154,Europe,Moldova,4013171.0,"{'new': None, 'active': 104259, 'critical': 49, 'recovered': 504142, '1M_pop': '154621', 'total': 620519}","{'new': None, '1M_pop': '3020', 'total': 12118}","{'1M_pop': '801437', 'total': 3216305}",2023-05-30,2023-05-30T14:30:12+00:00
155,Asia,Thailand,70078203.0,"{'new': '+2632', 'active': 12299, 'critical': None, 'recovered': 4692636, '1M_pop': '67624', 'total': 4738988}","{'new': '+64', '1M_pop': '486', 'total': 34053}","{'1M_pop': '246450', 'total': 17270775}",2023-05-30,2023-05-30T14:30:12+00:00
156,Africa,Libya,7040745.0,"{'new': '+7', 'active': 7, 'critical': None, 'recovered': 500818, '1M_pop': '72047', 'total': 507262}","{'new': None, '1M_pop': '914', 'total': 6437}","{'1M_pop': '352782', 'total': 2483848}",2023-05-30,2023-05-30T14:30:12+00:00
157,Europe,Latvia,1848837.0,"{'new': None, 'active': 141, 'critical': 13, 'recovered': 971406, '1M_pop': '528922', 'total': 977891}","{'new': None, '1M_pop': '3431', 'total': 6344}","{'1M_pop': '4259886', 'total': 7875835}",2023-05-30,2023-05-30T14:30:12+00:00
158,Africa,Tunisia,12046656.0,"{'new': '+100', 'active': None, 'critical': 44, 'recovered': None, '1M_pop': '95733', 'total': 1153261}","{'new': '+3', '1M_pop': '2442', 'total': 29415}","{'1M_pop': '416087', 'total': 5012458}",2023-05-30,2023-05-30T14:30:12+00:00
159,Asia,Cyprus,1223387.0,"{'new': None, 'active': 0, 'critical': 60, 'recovered': 659490, '1M_pop': '540184', 'total': 660854}","{'new': None, '1M_pop': '1115', 'total': 1364}","{'1M_pop': '7879860', 'total': 9640118}",2023-05-30,2023-05-30T14:30:12+00:00
160,Europe,Hungary,9606259.0,"{'new': '+225', 'active': 2549, 'critical': 5, 'recovered': 2151299, '1M_pop': '229300', 'total': 2202716}","{'new': '+3', '1M_pop': '5087', 'total': 48868}","{'1M_pop': '1186160', 'total': 11394556}",2023-05-30,2023-05-30T14:30:12+00:00
161,Asia,UAE,10081785.0,"{'new': '+106', 'active': 10156, 'critical': None, 'recovered': 1054525, '1M_pop': '105837', 'total': 1067030}","{'new': None, '1M_pop': '233', 'total': 2349}","{'1M_pop': '19910389', 'total': 200732262}",2023-05-30,2023-05-30T14:30:12+00:00
162,Asia,Israel,9326000.0,"{'new': '+811', 'active': 14365, 'critical': 21, 'recovered': 4798473, '1M_pop': '517410', 'total': 4825362}","{'new': '+15', '1M_pop': '1343', 'total': 12524}","{'1M_pop': '4436346', 'total': 41373364}",2023-05-30,2023-05-30T14:30:12+00:00
163,South-America,Uruguay,3496016.0,"{'new': '+287', 'active': 196, 'critical': 18, 'recovered': 1030944, '1M_pop': '297131', 'total': 1038774}","{'new': '+4', '1M_pop': '2184', 'total': 7634}","{'1M_pop': '1749083', 'total': 6114822}",2023-05-30,2023-05-30T14:30:12+00:00
164,Asia,Bangladesh,167885689.0,"{'new': '+169', 'active': 10814, 'critical': None, 'recovered': 1998448, '1M_pop': '12143', 'total': 2038708}","{'new': None, '1M_pop': '175', 'total': 29446}","{'1M_pop': '90862', 'total': 15254399}",2023-05-30,2023-05-30T14:30:12+00:00
165,Asia,Mongolia,3378078.0,"{'new': '+390', 'active': 617, 'critical': 192, 'recovered': 1005859, '1M_pop': '298588', 'total': 1008655}","{'new': None, '1M_pop': '645', 'total': 2179}","{'1M_pop': '1193000', 'total': 4030048}",2023-05-30,2023-05-30T14:30:12+00:00
166,North-America,Dominican-Republic,11056370.0,"{'new': '+73', 'active': 12007, 'critical': 4, 'recovered': 644785, '1M_pop': '59800', 'total': 661176}","{'new': None, '1M_pop': '397', 'total': 4384}","{'1M_pop': '338350', 'total': 3740928}",2023-05-30,2023-05-30T14:30:12+00:00
167,Europe,Bosnia-and-Herzegovina,3249317.0,"{'new': '+22', 'active': 7510, 'critical': None, 'recovered': 379084, '1M_pop': '124008', 'total': 402940}","{'new': None, '1M_pop': '5031', 'total': 16346}","{'1M_pop': '580036', 'total': 1884721}",2023-05-30,2023-05-30T14:30:12+00:00
168,Asia,Kuwait,4380326.0,"{'new': None, 'active': 3102, 'critical': None, 'recovered': 660237, '1M_pop': '152023', 'total': 665909}","{'new': None, '1M_pop': '587', 'total': 2570}","{'1M_pop': '1930391', 'total': 8455743}",2023-05-30,2023-05-30T14:30:12+00:00
169,Asia,Armenia,2971966.0,"{'new': None, 'active': 5257, 'critical': None, 'recovered': 435162, '1M_pop': '151135', 'total': 449169}","{'new': None, '1M_pop': '2944', 'total': 8750}","{'1M_pop': '1091164', 'total': 3242901}",2023-05-30,2023-05-30T14:30:12+00:00
170,North-America,Canada,38388419.0,"{'new': None, 'active': 31955, 'critical': 99, 'recovered': 4588942, '1M_pop': '121736', 'total': 4673256}","{'new': None, '1M_pop': '1364', 'total': 52359}","{'1M_pop': '1728207', 'total': 66343123}",2023-05-30,2023-05-30T14:30:12+00:00
171,Europe,Switzerland,8773637.0,"{'new': None, 'active': 2995, 'critical': 39, 'recovered': 4387986, '1M_pop': '502122', 'total': 4405433}","{'new': None, '1M_pop': '1647', 'total': 14452}","{'1M_pop': '2716487', 'total': 23833472}",2023-05-30,2023-05-30T14:30:12+00:00
172,Europe,Ireland,5020199.0,"{'new': None, 'active': 1811, 'critical': 19, 'recovered': 1701342, '1M_pop': '341045', 'total': 1712113}","{'new': None, '1M_pop': '1785', 'total': 8960}","{'1M_pop': '2606161', 'total': 13083449}",2023-05-30,2023-05-30T14:30:12+00:00
173,South-America,Bolivia,11992656.0,"{'new': '+77', 'active': 8403, 'critical': 220, 'recovered': 1168071, '1M_pop': '99966', 'total': 1198858}","{'new': None, '1M_pop': '1866', 'total': 22384}","{'1M_pop': '225993', 'total': 2710261}",2023-05-30,2023-05-30T14:30:12+00:00
174,South-America,Paraguay,7305843.0,"{'new': '+411', 'active': None, 'critical': 7, 'recovered': None, '1M_pop': '110950', 'total': 810581}","{'new': '+10', '1M_pop': '2728', 'total': 19931}","{'1M_pop': '363751', 'total': 2657506}",2023-05-30,2023-05-30T14:30:12+00:00
175,South-America,Peru,33684208.0,"{'new': None, 'active': 0, 'critical': 26, 'recovered': 4284940, '1M_pop': '133756', 'total': 4505466}","{'new': None, '1M_pop': '6547', 'total': 220526}","{'1M_pop': '1144417', 'total': 38548796}",2023-05-30,2023-05-30T14:30:12+00:00
176,Europe,Norway,5511370.0,"{'new': None, 'active': 809, 'critical': 20, 'recovered': 1478204, '1M_pop': '269343', 'total': 1484448}","{'new': None, '1M_pop': '986', 'total': 5435}","{'1M_pop': '1996315', 'total': 11002430}",2023-05-30,2023-05-30T14:30:12+00:00
177,Oceania,New-Zealand,4898203.0,"{'new': '+1852', 'active': 12453, 'critical': None, 'recovered': 2358376, '1M_pop': '484911', 'total': 2375191}","{'new': '+2', '1M_pop': '891', 'total': 4362}","{'1M_pop': '1586011', 'total': 7768604}",2023-05-30,2023-05-30T14:30:12+00:00
178,Asia,Azerbaijan,10300205.0,"{'new': '+1', 'active': 88, 'critical': None, 'recovered': 821461, '1M_pop': '80758', 'total': 831822}","{'new': None, '1M_pop': '997', 'total': 10273}","{'1M_pop': '739744', 'total': 7619511}",2023-05-30,2023-05-30T14:30:12+00:00
179,Europe,Croatia,4059286.0,"{'new': '+124', 'active': 252, 'critical': 6, 'recovered': 1255288, '1M_pop': '313798', 'total': 1273795}","{'new': '+9', '1M_pop': '4497', 'total': 18255}","{'1M_pop': '1380329', 'total': 5603151}",2023-05-30,2023-05-30T14:30:12+00:00
180,Asia,Bahrain,1783983.0,"{'new': '+96', 'active': 211, 'critical': 2, 'recovered': 720032, '1M_pop': '404604', 'total': 721806}","{'new': None, '1M_pop': '876', 'total': 1563}","{'1M_pop': '6083194', 'total': 10852315}",2023-05-30,2023-05-30T14:30:12+00:00
181,Europe,Serbia,8653016.0,"{'new': '+201', 'active': 3380, 'critical': 6, 'recovered': 2520091, '1M_pop': '293715', 'total': 2541522}","{'new': None, '1M_pop': '2086', 'total': 18051}","{'1M_pop': '1493585', 'total': 12924015}",2023-05-30,2023-05-30T14:30:12+00:00
182,North-America,Cuba,11305652.0,"{'new': '+25', 'active': 210, 'critical': 2, 'recovered': 1105412, '1M_pop': '98548', 'total': 1114152}","{'new': None, '1M_pop': '754', 'total': 8530}","{'1M_pop': '1268859', 'total': 14345279}",2023-05-30,2023-05-30T14:30:12+00:00
183,Asia,Sri-Lanka,21575842.0,"{'new': '+5', 'active': 55, 'critical': None, 'recovered': 655519, '1M_pop': '31167', 'total': 672444}","{'new': None, '1M_pop': '782', 'total': 16870}","{'1M_pop': '300619', 'total': 6486117}",2023-05-30,2023-05-30T14:30:12+00:00
184,Asia,Myanmar,55227143.0,"{'new': '+58', 'active': 1540, 'critical': None, 'recovered': 617692, '1M_pop': '11565', 'total': 638726}","{'new': None, '1M_pop': '353', 'total': 19494}","{'1M_pop': '192490', 'total': 10630647}",2023-05-30,2023-05-30T14:30:12+00:00
185,Africa,Ethiopia,120812698.0,"{'new': '+3', 'active': 5189, 'critical': 1, 'recovered': 488130, '1M_pop': '4146', 'total': 500893}","{'new': None, '1M_pop': '63', 'total': 7574}","{'1M_pop': '45962', 'total': 5552740}",2023-05-30,2023-05-30T14:30:12+00:00
186,Europe,Bulgaria,6844597.0,"{'new': '+169', 'active': 1999, 'critical': 43, 'recovered': 1267039, '1M_pop': '191015', 'total': 1307420}","{'new': '+3', '1M_pop': '5608', 'total': 38382}","{'1M_pop': '1641131', 'total': 11232877}",2023-05-30,2023-05-30T14:30:12+00:00
187,North-America,Guatemala,18584039.0,"{'new': '+32', 'active': 2077, 'critical': 5, 'recovered': 1229925, '1M_pop': '67381', 'total': 1252202}","{'new': None, '1M_pop': '1087', 'total': 20200}","{'1M_pop': '394488', 'total': 7331187}",2023-05-30,2023-05-30T14:30:12+00:00
188,Asia,Qatar,2979915.0,"{'new': '+139', 'active': 420, 'critical': 33, 'recovered': 512215, '1M_pop': '172262', 'total': 513325}","{'new': None, '1M_pop': '232', 'total': 690}","{'1M_pop': '1364257', 'total': 4065369}",2023-05-30,2023-05-30T14:30:12+00:00
189,Europe,Belgium,11668278.0,"{'new': None, 'active': 5209, 'critical': 43, 'recovered': 4759562, '1M_pop': '411295', 'total': 4799107}","{'new': None, '1M_pop': '2943', 'total': 34336}","{'1M_pop': '3172590', 'total': 37018657}",2023-05-30,2023-05-30T14:30:12+00:00
190,Europe,Romania,19031335.0,"{'new': None, 'active': 6832, 'critical': 78, 'recovered': 3329181, '1M_pop': '178873', 'total': 3404197}","{'new': None, '1M_pop': '3583', 'total': 68184}","{'1M_pop': '1445863', 'total': 27516705}",2023-05-30,2023-05-30T14:30:12+00:00
191,Asia,Hong-Kong,7604299.0,"{'new': None, 'active': 15999, 'critical': 28, 'recovered': 2874497, '1M_pop': '381931', 'total': 2904315}","{'new': None, '1M_pop': '1817', 'total': 13819}","{'1M_pop': '10011143', 'total': 76127725}",2023-05-30,2023-05-30T14:30:12+00:00
192,Europe,Sweden,10218971.0,"{'new': None, 'active': 2731, 'critical': 8, 'recovered': 2682746, '1M_pop': '265176', 'total': 2709830}","{'new': None, '1M_pop': '2383', 'total': 24353}","{'1M_pop': '1908301', 'total': 19500873}",2023-05-30,2023-05-30T14:30:12+00:00
193,Europe,Finland,5554960.0,"{'new': None, 'active': 3519, 'critical': 21, 'recovered': 1466413, '1M_pop': '266358', 'total': 1479608}","{'new': None, '1M_pop': '1742', 'total': 9676}","{'1M_pop': '2178453', 'total': 12101220}",2023-05-30,2023-05-30T14:30:12+00:00
194,Asia,Pakistan,229488994.0,"{'new': '+11', 'active': 11671, 'critical': 7, 'recovered': 1538689, '1M_pop': '6889', 'total': 1581020}","{'new': None, '1M_pop': '134', 'total': 30660}","{'1M_pop': '133215', 'total': 30571377}",2023-05-30,2023-05-30T14:30:12+00:00
195,Europe,Slovakia,5460193.0,"{'new': '+43', 'active': 112, 'critical': 11, 'recovered': 1845578, '1M_pop': '341903', 'total': 1866857}","{'new': None, '1M_pop': '3877', 'total': 21167}","{'1M_pop': '1361261', 'total': 7432749}",2023-05-30,2023-05-30T14:30:12+00:00
196,Europe,Lithuania,2661708.0,"{'new': '+117', 'active': 1198, 'critical': 1, 'recovered': 1309559, '1M_pop': '496087', 'total': 1320438}","{'new': None, '1M_pop': '3637', 'total': 9681}","{'1M_pop': '3927022', 'total': 10452586}",2023-05-30,2023-05-30T14:30:12+00:00
197,Asia,Nepal,30225582.0,"{'new': '+6', 'active': 28, 'critical': None, 'recovered': 991276, '1M_pop': '33195', 'total': 1003335}","{'new': None, '1M_pop': '398', 'total': 12031}","{'1M_pop': '200012', 'total': 6045471}",2023-05-30,2023-05-30T14:30:12+00:00
198,Asia,Philippines,112508994.0,"{'new': '+855', 'active': 14742, 'critical': 162, 'recovered': 4060327, '1M_pop': '36811', 'total': 4141535}","{'new': None, '1M_pop': '591', 'total': 66466}","{'1M_pop': '313314', 'total': 35250600}",2023-05-30,2023-05-30T14:30:12+00:00
199,Europe,Estonia,1321910.0,"{'new': '+149', 'active': 90940, 'critical': 2, 'recovered': 524990, '1M_pop': '468210', 'total': 618931}","{'new': None, '1M_pop': '2270', 'total': 3001}","{'1M_pop': '2811799', 'total': 3716945}",2023-05-30,2023-05-30T14:30:12+00:00
200,Europe,Slovenia,2078034.0,"{'new': '+16', 'active': 8878, 'critical': 8, 'recovered': 1328006, '1M_pop': '646757', 'total': 1343984}","{'new': None, '1M_pop': '3417', 'total': 7100}","{'1M_pop': '1370382', 'total': 2847701}",2023-05-30,2023-05-30T14:30:12+00:00
201,Europe,Czechia,10736784.0,"{'new': '+52', 'active': 762, 'critical': None, 'recovered': 4598501, '1M_pop': '432352', 'total': 4642065}","{'new': None, '1M_pop': '3986', 'total': 42802}","{'1M_pop': '5328577', 'total': 57211780}",2023-05-30,2023-05-30T14:30:12+00:00
202,Europe,Denmark,5834950.0,"{'new': '+17', 'active': 445, 'critical': 6, 'recovered': 3172714, '1M_pop': '545310', 'total': 3181858}","{'new': '+4', '1M_pop': '1491', 'total': 8699}","{'1M_pop': '22157187', 'total': 129286080}",2023-05-30,2023-05-30T14:30:12+00:00
203,Asia,Turkey,85561976.0,"{'new': None, 'active': None, 'critical': None, 'recovered': None, '1M_pop': '201399', 'total': 17232066}","{'new': None, '1M_pop': '1194', 'total': 102174}","{'1M_pop': '1902052', 'total': 162743369}",2023-05-30,2023-05-30T14:30:11+00:00
204,Asia,Taiwan,23888595.0,"{'new': None, 'active': 0, 'critical': None, 'recovered': 10220993, '1M_pop': '428656', 'total': 10239998}","{'new': None, '1M_pop': '796', 'total': 19005}","{'1M_pop': '1286903', 'total': 30742304}",2023-05-30,2023-05-30T14:30:11+00:00
205,Europe,Netherlands,17211447.0,"{'new': None, 'active': 0, 'critical': 53, 'recovered': 8587380, '1M_pop': '500270', 'total': 8610372}","{'new': None, '1M_pop': '1336', 'total': 22992}","{'1M_pop': '1509718', 'total': 25984435}",2023-05-30,2023-05-30T14:30:11+00:00
206,Asia,Japan,125584838.0,"{'new': '+833', 'active': None, 'critical': 83, 'recovered': None, '1M_pop': '269169', 'total': 33803572}","{'new': '+25', '1M_pop': '595', 'total': 74694}","{'1M_pop': '799578', 'total': 100414883}",2023-05-30,2023-05-30T14:30:11+00:00
207,South-America,Brazil,215353593.0,"{'new': None, 'active': 627203, 'critical': None, 'recovered': 36249161, '1M_pop': '174499', 'total': 37579028}","{'new': None, '1M_pop': '3263', 'total': 702664}","{'1M_pop': '296146', 'total': 63776166}",2023-05-30,2023-05-30T14:30:11+00:00
208,South-America,Colombia,51512762.0,"{'new': '+823', 'active': 35885, 'critical': 342, 'recovered': 6188967, '1M_pop': '123612', 'total': 6367600}","{'new': '+7', '1M_pop': '2771', 'total': 142748}","{'1M_pop': '717327', 'total': 36951507}",2023-05-30,2023-05-30T14:30:11+00:00
209,North-America,Mexico,131562772.0,"{'new': '+1361', 'active': 418683, 'critical': None, 'recovered': 6861981, '1M_pop': '57879', 'total': 7614771}","{'new': '+18', '1M_pop': '2540', 'total': 334107}","{'1M_pop': '152124', 'total': 20013810}",2023-05-30,2023-05-30T14:30:11+00:00
210,Europe,Portugal,10140570.0,"{'new': None, 'active': 4240, 'critical': 61, 'recovered': 5554918, '1M_pop': '550843', 'total': 5585859}","{'new': None, '1M_pop': '2633', 'total': 26701}","{'1M_pop': '4548082', 'total': 46120142}",2023-05-30,2023-05-30T14:30:11+00:00
211,Europe,Ukraine,43192122.0,"{'new': None, 'active': 11351, 'critical': None, 'recovered': 5426042, '1M_pop': '128489', 'total': 5549708}","{'new': None, '1M_pop': '2600', 'total': 112315}","{'1M_pop': '754855', 'total': 32603805}",2023-05-30,2023-05-30T14:30:11+00:00
212,Europe,Italy,60262770.0,"{'new': None, 'active': 121783, 'critical': 75, 'recovered': 25545397, '1M_pop': '429080', 'total': 25857572}","{'new': None, '1M_pop': '3159', 'total': 190392}","{'1M_pop': '4523456', 'total': 272596017}",2023-05-30,2023-05-30T14:30:11+00:00
213,Europe,Spain,46719142.0,"{'new': None, 'active': 49588, 'critical': 231, 'recovered': 13697426, '1M_pop': '296843', 'total': 13868227}","{'new': None, '1M_pop': '2595', 'total': 121213}","{'1M_pop': '10082298', 'total': 471036328}",2023-05-30,2023-05-30T14:30:11+00:00
214,Oceania,Australia,26068792.0,"{'new': None, 'active': 37448, 'critical': 71, 'recovered': 11526959, '1M_pop': '444412', 'total': 11585286}","{'new': None, '1M_pop': '801', 'total': 20879}","{'1M_pop': '3142326', 'total': 81916639}",2023-05-30,2023-05-30T14:30:11+00:00
215,Europe,Germany,83883596.0,"{'new': None, 'active': 17161, 'critical': None, 'recovered': 38234900, '1M_pop': '458091', 'total': 38426308}","{'new': None, '1M_pop': '2077', 'total': 174247}","{'1M_pop': '1458359', 'total': 122332384}",2023-05-30,2023-05-30T14:30:11+00:00
216,Asia,Malaysia,33181072.0,"{'new': '+5801', 'active': 18510, 'critical': 36, 'recovered': 5044652, '1M_pop': '153710', 'total': 5100249}","{'new': '+17', '1M_pop': '1118', 'total': 37087}","{'1M_pop': '2059978', 'total': 68352292}",2023-05-30,2023-05-30T14:30:11+00:00
217,South-America,Argentina,46010234.0,"{'new': None, 'active': 645, 'critical': 363, 'recovered': 9923097, '1M_pop': '218522', 'total': 10054251}","{'new': None, '1M_pop': '2837', 'total': 130509}","{'1M_pop': '776264', 'total': 35716069}",2023-05-30,2023-05-30T14:30:11+00:00
218,Asia,Iran,86022837.0,"{'new': '+38', 'active': 99560, 'critical': 144, 'recovered': 7365887, '1M_pop': '88485', 'total': 7611703}","{'new': '+1', '1M_pop': '1700', 'total': 146256}","{'1M_pop': '658673', 'total': 56660939}",2023-05-30,2023-05-30T14:30:11+00:00
219,South-America,South-America,,"{'new': '+31', 'active': 883523, 'critical': 10123, 'recovered': 66472669, '1M_pop': None, 'total': 68712083}","{'new': None, '1M_pop': None, 'total': 1355891}","{'1M_pop': None, 'total': None}",2023-05-30,2023-05-30T14:30:11+00:00
220,South-America,Chile,19250195.0,"{'new': '+31', 'active': 144, 'critical': 33, 'recovered': 5222732, '1M_pop': '274666', 'total': 5287373}","{'new': None, '1M_pop': '3350', 'total': 64497}","{'1M_pop': '2579718', 'total': 49660080}",2023-05-30,2023-05-30T14:30:11+00:00
221,Europe,France,65584518.0,"{'new': '+592', 'active': 57490, 'critical': 869, 'recovered': 39855730, '1M_pop': '611127', 'total': 40080483}","{'new': None, '1M_pop': '2550', 'total': 167263}","{'1M_pop': '4139547', 'total': 271490188}",2023-05-30,2023-05-30T14:30:11+00:00
222,North-America,USA,334805269.0,"{'new': '+668', 'active': 759725, 'critical': 1043, 'recovered': 105179015, '1M_pop': '319899', 'total': 107104021}","{'new': '+2', '1M_pop': '3480', 'total': 1165281}","{'1M_pop': '3525240', 'total': 1180269015}",2023-05-30,2023-05-30T14:30:11+00:00
223,North-America,North-America,,"{'new': '+725', 'active': 2478217, 'critical': 6209, 'recovered': 122606550, '1M_pop': None, 'total': 126718347}","{'new': '+2', '1M_pop': None, 'total': 1633580}","{'1M_pop': None, 'total': None}",2023-05-30,2023-05-30T14:30:11+00:00
224,Africa,Africa,,"{'new': '+16', 'active': 479243, 'critical': 548, 'recovered': 12085538, '1M_pop': None, 'total': 12823548}","{'new': '+1', '1M_pop': None, 'total': 258767}","{'1M_pop': None, 'total': None}",2023-05-30,2023-05-30T14:30:11+00:00
225,Asia,S-Korea,51329899.0,"{'new': '+13529', 'active': 307418, 'critical': 176, 'recovered': 31336915, '1M_pop': '617167', 'total': 31679100}","{'new': '+7', '1M_pop': '677', 'total': 34767}","{'1M_pop': '307892', 'total': 15804065}",2023-05-30,2023-05-30T14:30:11+00:00
226,Europe,UK,68497907.0,"{'new': None, 'active': 10061, 'critical': None, 'recovered': 24367691, '1M_pop': '359180', 'total': 24603076}","{'new': None, '1M_pop': '3290', 'total': 225324}","{'1M_pop': '7628357', 'total': 522526476}",2023-05-30,2023-05-30T14:30:11+00:00
227,Europe,Greece,10316637.0,"{'new': None, 'active': 12970, 'critical': 115, 'recovered': 6009762, '1M_pop': '587367', 'total': 6059649}","{'new': None, '1M_pop': '3578', 'total': 36917}","{'1M_pop': '9909078', 'total': 102228365}",2023-05-30,2023-05-30T14:30:11+00:00
228,Asia,India,1406631776.0,"{'new': None, 'active': 4503, 'critical': None, 'recovered': 44453908, '1M_pop': '31984', 'total': 44990278}","{'new': None, '1M_pop': '378', 'total': 531867}","{'1M_pop': '661373', 'total': 930307783}",2023-05-30,2023-05-30T14:30:11+00:00
229,Europe,Poland,37739785.0,"{'new': '+85', 'active': 1061303, 'critical': 223, 'recovered': 5335940, '1M_pop': '172679', 'total': 6516853}","{'new': '+1', '1M_pop': '3169', 'total': 119610}","{'1M_pop': '1026428', 'total': 38737184}",2023-05-30,2023-05-30T14:30:11+00:00
230,Europe,Russia,145805947.0,"{'new': '+11276', 'active': 168815, 'critical': None, 'recovered': 22361277, '1M_pop': '157258', 'total': 22929149}","{'new': '+138', '1M_pop': '2737', 'total': 399057}","{'1M_pop': '1875095', 'total': 273400000}",2023-05-30,2023-05-30T14:30:11+00:00
231,Asia,Indonesia,279134505.0,"{'new': '+541', 'active': 12656, 'critical': None, 'recovered': 6632667, '1M_pop': '24386', 'total': 6807085}","{'new': '+8', '1M_pop': '580', 'total': 161762}","{'1M_pop': '408975', 'total': 114158919}",2023-05-30,2023-05-30T14:30:11+00:00
232,Asia,Vietnam,98953541.0,"{'new': '+652', 'active': 930243, 'critical': 63, 'recovered': 10637927, '1M_pop': '117342', 'total': 11611376}","{'new': None, '1M_pop': '437', 'total': 43206}","{'1M_pop': '867342', 'total': 85826548}",2023-05-30,2023-05-30T14:30:11+00:00
233,Oceania,Oceania,,"{'new': '+4', 'active': 149258, 'critical': 99, 'recovered': 14200794, '1M_pop': None, 'total': 14378145}","{'new': None, '1M_pop': None, 'total': 28093}","{'1M_pop': None, 'total': None}",2023-05-30,2023-05-30T14:30:11+00:00
234,Asia,Asia,,"{'new': '+15739', 'active': 14729360, 'critical': 15375, 'recovered': 201202278, '1M_pop': None, 'total': 217478261}","{'new': '+15', '1M_pop': None, 'total': 1546623}","{'1M_pop': None, 'total': None}",2023-05-30,2023-05-30T14:30:11+00:00
235,Europe,Europe,,"{'new': '+11925', 'active': 1950619, 'critical': 5785, 'recovered': 245370150, '1M_pop': None, 'total': 249381969}","{'new': '+144', '1M_pop': None, 'total': 2061200}","{'1M_pop': None, 'total': None}",2023-05-30,2023-05-30T14:30:11+00:00
236,All,All,,"{'new': '+27668', 'active': 20670220, 'critical': 38139, 'recovered': 661938685, '1M_pop': '88456', 'total': 689493074}","{'new': '+159', '1M_pop': '883.2', 'total': 6884169}","{'1M_pop': None, 'total': None}",2023-05-30,2023-05-30T14:30:11+00:00
237,Europe,Austria,9066710.0,"{'new': '+91', 'active': 5528, 'critical': 14, 'recovered': 6048712, '1M_pop': '670226', 'total': 6076741}","{'new': None, '1M_pop': '2482', 'total': 22501}","{'1M_pop': '23302116', 'total': 211273524}",2023-05-30,2023-05-30T14:30:11+00:00
